time,destination_id,distance,stamp
1970/01/01/02:01:52.410000,"(26955, 26952, 26959, 26954)","(4208.4354074705725, 2601.937853907613, 3733.7858574129123, 1617.3018763150678)","[genpy.Time[112410000000], genpy.Time[112410000000], genpy.Time[112410000000]]"
1970/01/01/02:01:52.611000,"(26955, 26952, 26959, 26954)","(4135.646628039382, 2556.744073506606, 3708.5372102516385, 1635.7405295137446)","[genpy.Time[112610000000], genpy.Time[112610000000], genpy.Time[112610000000]]"
1970/01/01/02:01:52.813000,"(26955, 26952, 26959, 26954)","(4223.2716123313185, 2577.235459738329, 3740.6255568582847, 1601.8635811790082)","[genpy.Time[112811000000], genpy.Time[112811000000], genpy.Time[112811000000]]"
1970/01/01/02:01:53.013000,"(26955, 26952, 26959, 26954)","(4251.549345812353, 2594.5860381285875, 3722.708811176621, 1622.2497943851417)","[genpy.Time[113012000000], genpy.Time[113012000000], genpy.Time[113012000000]]"
1970/01/01/02:01:53.214000,"(26955, 26952, 26959, 26954)","(4211.624523175343, 2595.873531971162, 3710.276448627884, 1611.5756827402465)","[genpy.Time[113213000000], genpy.Time[113213000000], genpy.Time[113213000000]]"
1970/01/01/02:01:53.416000,"(26955, 26952, 26959, 26954)","(4204.170658168007, 2563.2547149399566, 3781.891477691856, 1620.5066122915412)","[genpy.Time[113413000000], genpy.Time[113413000000], genpy.Time[113413000000]]"
1970/01/01/02:01:53.617000,"(26955, 26952, 26959, 26954)","(4266.21547766544, 2537.0675701948467, 3684.1758280352865, 1599.6330292870819)","[genpy.Time[113616000000], genpy.Time[113616000000], genpy.Time[113616000000]]"
1970/01/01/02:01:53.820000,"(26955, 26952, 26959, 26954)","(4224.0531878155625, 2555.501277193375, 3752.0426543464246, 1606.8933329558783)","[genpy.Time[113820000000], genpy.Time[113820000000], genpy.Time[113820000000]]"
1970/01/01/02:01:54.024000,"(26955, 26952, 26959, 26954)","(4253.806346290619, 2567.8805308904466, 3678.3840857713208, 1630.4715250262159)","[genpy.Time[114022000000], genpy.Time[114022000000], genpy.Time[114022000000]]"
1970/01/01/02:01:54.226000,"(26955, 26952, 26959, 26954)","(4233.674750690967, 2582.6459059891645, 3717.7857263698456, 1623.54366676319)","[genpy.Time[114225000000], genpy.Time[114225000000], genpy.Time[114225000000]]"
1970/01/01/02:01:54.426000,"(26955, 26952, 26959, 26954)","(4247.466737755405, 2551.6191898657876, 3726.7702450617508, 1615.3055551802859)","[genpy.Time[114425000000], genpy.Time[114425000000], genpy.Time[114425000000]]"
1970/01/01/02:01:54.626000,"(26955, 26952, 26959, 26954)","(4200.278041096195, 2596.599777858383, 3697.616475732763, 1628.3343986203995)","[genpy.Time[114625000000], genpy.Time[114625000000], genpy.Time[114625000000]]"
1970/01/01/02:01:54.829000,"(26955, 26952, 26959, 26954)","(4215.410092198598, 2560.944084007554, 3700.1584359645362, 1622.5184951481006)","[genpy.Time[114827000000], genpy.Time[114827000000], genpy.Time[114827000000]]"
1970/01/01/02:01:55.029000,"(26955, 26952, 26959, 26954)","(4149.947108997898, 2575.6716524751346, 3705.1604559776706, 1616.562991162487)","[genpy.Time[115028000000], genpy.Time[115028000000], genpy.Time[115028000000]]"
1970/01/01/02:01:55.229000,"(26955, 26952, 26959, 26954)","(4211.628465204993, 2565.4469669350597, 3720.7242873744335, 1586.7939229784308)","[genpy.Time[115228000000], genpy.Time[115228000000], genpy.Time[115228000000]]"
1970/01/01/02:01:55.429000,"(26955, 26952, 26959, 26954)","(4243.887437544588, 2578.4293494683548, 3710.706596180882, 1624.5009454915175)","[genpy.Time[115428000000], genpy.Time[115428000000], genpy.Time[115428000000]]"
1970/01/01/02:01:55.630000,"(26955, 26952, 26959, 26954)","(4186.186852540704, 2561.887536871308, 3747.469940774624, 1631.342137947972)","[genpy.Time[115629000000], genpy.Time[115629000000], genpy.Time[115629000000]]"
1970/01/01/02:01:55.829000,"(26955, 26952, 26959, 26954)","(4218.935107109471, 2607.5498875708886, 3711.667633806069, 1618.05472965879)","[genpy.Time[115829000000], genpy.Time[115829000000], genpy.Time[115829000000]]"
1970/01/01/02:01:56.030000,"(26955, 26952, 26959, 26954)","(4264.237002392586, 2565.6727638668076, 3709.3229093235636, 1633.5659246580176)","[genpy.Time[116029000000], genpy.Time[116029000000], genpy.Time[116029000000]]"
1970/01/01/02:01:56.231000,"(26955, 26952, 26959, 26954)","(4184.406343095344, 2560.4865534884852, 3757.717594727895, 1604.7860836808115)","[genpy.Time[116230000000], genpy.Time[116230000000], genpy.Time[116230000000]]"
1970/01/01/02:01:56.432000,"(26955, 26952, 26959, 26954)","(4250.784601402442, 2587.8323323991494, 3710.4871518657205, 1617.833407727895)","[genpy.Time[116431000000], genpy.Time[116431000000], genpy.Time[116431000000]]"
1970/01/01/02:01:56.634000,"(26955, 26952, 26959, 26954)","(4253.489201426724, 2561.01940061008, 3721.02019024859, 1636.0057509989465)","[genpy.Time[116632000000], genpy.Time[116632000000], genpy.Time[116632000000]]"
1970/01/01/02:01:56.835000,"(26955, 26952, 26959, 26954)","(4223.200579992944, 2591.731673358758, 3701.7484063918805, 1626.0997494809872)","[genpy.Time[116833000000], genpy.Time[116833000000], genpy.Time[116833000000]]"
1970/01/01/02:01:57.036000,"(26955, 26952, 26959, 26954)","(4231.923237561855, 2578.973104115453, 3697.514615713414, 1609.335089517421)","[genpy.Time[117035000000], genpy.Time[117035000000], genpy.Time[117035000000]]"
1970/01/01/02:01:57.237000,"(26955, 26952, 26959, 26954)","(4190.8171652146575, 2570.301816782749, 3733.1814450765564, 1618.7577378108658)","[genpy.Time[117237000000], genpy.Time[117237000000], genpy.Time[117237000000]]"
1970/01/01/02:01:57.442000,"(26955, 26952, 26959, 26954)","(4256.126293994926, 2574.0993717035926, 3713.493777585354, 1615.4487592689889)","[genpy.Time[117440000000], genpy.Time[117440000000], genpy.Time[117440000000]]"
1970/01/01/02:01:57.644000,"(26955, 26952, 26959, 26954)","(4208.05570284244, 2579.548736028923, 3727.599579656473, 1618.9203915865164)","[genpy.Time[117643000000], genpy.Time[117643000000], genpy.Time[117643000000]]"
1970/01/01/02:01:57.845000,"(26955, 26952, 26959, 26954)","(4234.66453088022, 2565.8593516591504, 3685.7691388214635, 1598.4548627070058)","[genpy.Time[117844000000], genpy.Time[117844000000], genpy.Time[117844000000]]"
1970/01/01/02:01:58.045000,"(26955, 26952, 26959, 26954)","(4228.654513895283, 2541.631238526238, 3729.678412855219, 1616.5224442262045)","[genpy.Time[118045000000], genpy.Time[118045000000], genpy.Time[118045000000]]"
1970/01/01/02:01:58.245000,"(26955, 26952, 26959, 26954)","(4187.652136040444, 2567.499026830476, 3760.6029409661446, 1623.389918609885)","[genpy.Time[118245000000], genpy.Time[118245000000], genpy.Time[118245000000]]"
1970/01/01/02:01:58.445000,"(26955, 26952, 26959, 26954)","(4260.491511403932, 2581.1999245228258, 3688.5796242950337, 1627.9378856511403)","[genpy.Time[118445000000], genpy.Time[118445000000], genpy.Time[118445000000]]"
1970/01/01/02:01:58.645000,"(26955, 26952, 26959, 26954)","(4217.392725886467, 2583.4312830272365, 3696.337810749879, 1604.2253775902159)","[genpy.Time[118645000000], genpy.Time[118645000000], genpy.Time[118645000000]]"
1970/01/01/02:01:58.845000,"(26955, 26952, 26959, 26954)","(4172.674574586006, 2562.567254487028, 3725.2010638332686, 1599.2686624032422)","[genpy.Time[118845000000], genpy.Time[118845000000], genpy.Time[118845000000]]"
1970/01/01/02:01:59.047000,"(26955, 26952, 26959, 26954)","(4222.797282795071, 2612.5691255749866, 3740.560577038635, 1628.8817413507572)","[genpy.Time[119045000000], genpy.Time[119045000000], genpy.Time[119045000000]]"
1970/01/01/02:01:59.246000,"(26955, 26952, 26959, 26954)","(4269.933337979655, 2569.149439497807, 3751.049259150086, 1617.5353675732133)","[genpy.Time[119246000000], genpy.Time[119246000000], genpy.Time[119246000000]]"
1970/01/01/02:01:59.448000,"(26955, 26952, 26959, 26954)","(4223.509293065372, 2593.5184785009355, 3748.855358455052, 1639.046916596002)","[genpy.Time[119447000000], genpy.Time[119447000000], genpy.Time[119447000000]]"
1970/01/01/02:01:59.646000,"(26955, 26952, 26959, 26954)","(4241.128811094089, 2617.3976799786205, 3732.6097265172743, 1600.0617948062181)","[genpy.Time[119648000000], genpy.Time[119648000000], genpy.Time[119648000000]]"
1970/01/01/02:01:59.857000,"(26955, 26952, 26959, 26954)","(4158.208956255985, 2542.219113325418, 3652.4760101965335, 1590.0997296510895)","[genpy.Time[119855000000], genpy.Time[119855000000], genpy.Time[119855000000]]"
1970/01/01/02:02:00.059000,"(26955, 26952, 26959, 26954)","(4171.17711857026, 2553.1915642906756, 3649.19642997056, 1577.6255235796484)","[genpy.Time[120058000000], genpy.Time[120058000000], genpy.Time[120058000000]]"
1970/01/01/02:02:00.260000,"(26955, 26952, 26959, 26954)","(4063.2146867826036, 2547.8074021454568, 3547.3771997589542, 1586.7876454290204)","[genpy.Time[120259000000], genpy.Time[120259000000], genpy.Time[120259000000]]"
1970/01/01/02:02:00.460000,"(26955, 26952, 26959, 26954)","(4044.6264759148644, 2557.843723727419, 3520.3678409010276, 1553.3483658933828)","[genpy.Time[120460000000], genpy.Time[120460000000], genpy.Time[120460000000]]"
1970/01/01/02:02:00.662000,"(26955, 26952, 26959, 26954)","(4055.902632592687, 2516.4312118426324, 3516.0901915710474, 1535.1227895329657)","[genpy.Time[120660000000], genpy.Time[120660000000], genpy.Time[120660000000]]"
1970/01/01/02:02:00.861000,"(26955, 26952, 26959, 26954)","(4002.5840648215576, 2554.130968779399, 3459.905691061, 1504.9051692210055)","[genpy.Time[120861000000], genpy.Time[120861000000], genpy.Time[120861000000]]"
1970/01/01/02:02:01.061000,"(26955, 26952, 26959, 26954)","(3918.30560243257, 2537.7638457191706, 3410.1532485042994, 1513.062709213741)","[genpy.Time[121061000000], genpy.Time[121061000000], genpy.Time[121061000000]]"
1970/01/01/02:02:01.264000,"(26955, 26952, 26959, 26954)","(3913.2129208749684, 2533.5936315329736, 3340.747374635205, 1508.0471940723094)","[genpy.Time[121263000000], genpy.Time[121263000000], genpy.Time[121263000000]]"
1970/01/01/02:02:01.465000,"(26955, 26952, 26959, 26954)","(3864.5062283264133, 2536.1683999979773, 3279.6673372638948, 1478.854673167648)","[genpy.Time[121464000000], genpy.Time[121464000000], genpy.Time[121464000000]]"
1970/01/01/02:02:01.666000,"(26955, 26952, 26959, 26954)","(3872.649800638501, 2513.7891559651353, 3262.1034138057257, 1442.0879076799079)","[genpy.Time[121665000000], genpy.Time[121665000000], genpy.Time[121665000000]]"
1970/01/01/02:02:01.865000,"(26955, 26952, 26959, 26954)","(3789.527058496415, 2511.458729076646, 3166.3975763358226, 1463.8676626204892)","[genpy.Time[121866000000], genpy.Time[121866000000], genpy.Time[121866000000]]"
1970/01/01/02:02:02.071000,"(26955, 26952, 26959, 26954)","(3769.242485097622, 2531.661532240275, 3151.0114616823817, 1450.61579867745)","[genpy.Time[122068000000], genpy.Time[122068000000], genpy.Time[122068000000]]"
1970/01/01/02:02:02.272000,"(26955, 26952, 26959, 26954)","(3764.1403379334706, 2536.7559558334237, 3097.0235236453136, 1462.3538158653332)","[genpy.Time[122274000000], genpy.Time[122274000000], genpy.Time[122274000000]]"
1970/01/01/02:02:02.474000,"(26955, 26952, 26959, 26954)","(3681.099187276247, 2537.456837566469, 3077.937686917349, 1453.946393806824)","[genpy.Time[122474000000], genpy.Time[122474000000], genpy.Time[122474000000]]"
1970/01/01/02:02:02.676000,"(26955, 26952, 26959, 26954)","(3718.228953254569, 2585.340665111443, 3001.2753427251364, 1464.3731006022463)","[genpy.Time[122675000000], genpy.Time[122675000000], genpy.Time[122675000000]]"
1970/01/01/02:02:02.876000,"(26955, 26952, 26959, 26954)","(3633.225427975252, 2574.745112396559, 2928.6412160042432, 1453.5078646857314)","[genpy.Time[122875000000], genpy.Time[122875000000], genpy.Time[122875000000]]"
1970/01/01/02:02:03.077000,"(26955, 26952, 26959, 26954)","(3626.845684558758, 2608.879587335806, 2920.9692765300606, 1461.5181750532786)","[genpy.Time[123077000000], genpy.Time[123077000000], genpy.Time[123077000000]]"
1970/01/01/02:02:03.276000,"(26955, 26952, 26959, 26954)","(3570.5501037714052, 2561.0450249978717, 2892.4338450782016, 1491.1884555081133)","[genpy.Time[123277000000], genpy.Time[123277000000], genpy.Time[123277000000]]"
1970/01/01/02:02:03.479000,"(26955, 26952, 26959, 26954)","(3587.611419478132, 2547.491681346139, 2792.950214060032, 1475.3552507675363)","[genpy.Time[123478000000], genpy.Time[123478000000], genpy.Time[123478000000]]"
1970/01/01/02:02:03.681000,"(26955, 26952, 26959, 26954)","(3458.0733933152746, 2585.3231483550335, 2759.4342252643264, 1497.3267730329403)","[genpy.Time[123679000000], genpy.Time[123679000000], genpy.Time[123679000000]]"
1970/01/01/02:02:03.882000,"(26955, 26952, 26959, 26954)","(3488.000084514663, 2649.8125900746686, 2700.8215758473643, 1499.5630026170675)","[genpy.Time[123881000000], genpy.Time[123881000000], genpy.Time[123881000000]]"
1970/01/01/02:02:04.082000,"(26955, 26952, 26959, 26954)","(3435.197108633202, 2630.0739754397027, 2679.844895056859, 1526.801314736815)","[genpy.Time[124081000000], genpy.Time[124081000000], genpy.Time[124081000000]]"
1970/01/01/02:02:04.286000,"(26955, 26952, 26959, 26954)","(3379.225767417297, 2670.924976585242, 2613.158808955728, 1542.5113896299974)","[genpy.Time[124283000000], genpy.Time[124283000000], genpy.Time[124283000000]]"
1970/01/01/02:02:04.485000,"(26955, 26952, 26959, 26954)","(3344.6446365016013, 2683.8015483150534, 2611.7644005504976, 1576.8164017448162)","[genpy.Time[124484000000], genpy.Time[124484000000], genpy.Time[124484000000]]"
1970/01/01/02:02:04.685000,"(26955, 26952, 26959, 26954)","(3315.0357131426604, 2654.1739035009614, 2572.5376491264883, 1564.686288532379)","[genpy.Time[124684000000], genpy.Time[124684000000], genpy.Time[124684000000]]"
1970/01/01/02:02:04.887000,"(26955, 26952, 26959, 26954)","(3251.9572786696367, 2669.4846675666363, 2484.4417906008325, 1628.2050922762965)","[genpy.Time[124885000000], genpy.Time[124885000000], genpy.Time[124885000000]]"
1970/01/01/02:02:05.087000,"(26955, 26952, 26959, 26954)","(3247.450079739556, 2715.7683080564925, 2425.5874789820687, 1621.8670043475765)","[genpy.Time[125086000000], genpy.Time[125086000000], genpy.Time[125086000000]]"
1970/01/01/02:02:05.287000,"(26955, 26952, 26959, 26954)","(3218.892746036435, 2700.564250033529, 2400.3119423447, 1658.5712025877758)","[genpy.Time[125287000000], genpy.Time[125287000000], genpy.Time[125287000000]]"
1970/01/01/02:02:05.487000,"(26955, 26952, 26959, 26954)","(3188.4683904339404, 2769.91093496604, 2376.324438714215, 1668.1929748444963)","[genpy.Time[125487000000], genpy.Time[125487000000], genpy.Time[125487000000]]"
1970/01/01/02:02:05.687000,"(26955, 26952, 26959, 26954)","(3187.8331420864006, 2754.129402784386, 2298.210516474243, 1730.2727631652124)","[genpy.Time[125687000000], genpy.Time[125687000000], genpy.Time[125687000000]]"
1970/01/01/02:02:05.889000,"(26955, 26952, 26959, 26954)","(3134.893391716112, 2774.031555873234, 2298.958529241802, 1738.5965654524803)","[genpy.Time[125889000000], genpy.Time[125889000000], genpy.Time[125889000000]]"
1970/01/01/02:02:06.090000,"(26955, 26952, 26959, 26954)","(3124.965101377269, 2775.1297465314383, 2266.6060367047894, 1783.2758064289192)","[genpy.Time[126089000000], genpy.Time[126089000000], genpy.Time[126089000000]]"
1970/01/01/02:02:06.291000,"(26955, 26952, 26959, 26954)","(3116.4490729732174, 2834.1706187578447, 2217.2151276857653, 1803.5172439581372)","[genpy.Time[126290000000], genpy.Time[126290000000], genpy.Time[126290000000]]"
1970/01/01/02:02:06.497000,"(26955, 26952, 26959, 26954)","(3052.9316133078773, 2829.621265665669, 2167.052400406289, 1828.1601889937438)","[genpy.Time[126495000000], genpy.Time[126495000000], genpy.Time[126495000000]]"
1970/01/01/02:02:06.696000,"(26955, 26952, 26959, 26954)","(3003.084775072846, 2862.956768791672, 2118.0626013460587, 1861.168583869572)","[genpy.Time[126695000000], genpy.Time[126695000000], genpy.Time[126695000000]]"
1970/01/01/02:02:06.896000,"(26955, 26952, 26959, 26954)","(2985.8372655863695, 2844.5240868576147, 2090.0792108317714, 1880.7304536068716)","[genpy.Time[126896000000], genpy.Time[126896000000], genpy.Time[126896000000]]"
1970/01/01/02:02:07.101000,"(26955, 26952, 26959, 26954)","(3001.6828128006687, 2907.48102043576, 2069.3020156967173, 1954.6343800468735)","[genpy.Time[127101000000], genpy.Time[127101000000], genpy.Time[127101000000]]"
1970/01/01/02:02:07.301000,"(26955, 26952, 26959, 26954)","(2953.4425832433462, 2899.6554224939323, 2014.659891643614, 1964.1210343554335)","[genpy.Time[127301000000], genpy.Time[127301000000], genpy.Time[127301000000]]"
1970/01/01/02:02:07.502000,"(26955, 26952, 26959, 26954)","(2918.337502952012, 2939.5144994075727, 1972.1457595933198, 2015.5587045300094)","[genpy.Time[127501000000], genpy.Time[127501000000], genpy.Time[127501000000]]"
1970/01/01/02:02:07.703000,"(26955, 26952, 26959, 26954)","(2917.458458101734, 2921.036574230216, 1971.702500605574, 2046.3534285586945)","[genpy.Time[127702000000], genpy.Time[127702000000], genpy.Time[127702000000]]"
1970/01/01/02:02:07.905000,"(26955, 26952, 26959, 26954)","(2860.807770546894, 2992.2521971187803, 1924.782414846482, 2095.7090940397516)","[genpy.Time[127905000000], genpy.Time[127905000000], genpy.Time[127905000000]]"
1970/01/01/02:02:08.106000,"(26955, 26952, 26959, 26954)","(2848.961017541943, 2996.6661251065857, 1903.8454207801838, 2136.1367553606165)","[genpy.Time[128106000000], genpy.Time[128106000000], genpy.Time[128106000000]]"
1970/01/01/02:02:08.308000,"(26955, 26952, 26959, 26954)","(2767.039273326795, 3011.0693308208965, 1862.4585438293627, 2169.379561680156)","[genpy.Time[128308000000], genpy.Time[128308000000], genpy.Time[128308000000]]"
1970/01/01/02:02:08.510000,"(26955, 26952, 26959, 26954)","(2775.6337067682334, 3038.656044480706, 1830.2895124463498, 2182.909991891895)","[genpy.Time[128510000000], genpy.Time[128510000000], genpy.Time[128510000000]]"
1970/01/01/02:02:08.712000,"(26955, 26952, 26959, 26954)","(2803.7808372415793, 3076.6123370462237, 1838.0873773182104, 2213.2631805964265)","[genpy.Time[128711000000], genpy.Time[128711000000], genpy.Time[128711000000]]"
1970/01/01/02:02:08.912000,"(26955, 26952, 26959, 26954)","(2746.019017860934, 3059.4128492409754, 1841.350149509496, 2247.5517850856745)","[genpy.Time[128912000000], genpy.Time[128912000000], genpy.Time[128912000000]]"
1970/01/01/02:02:09.113000,"(26955, 26952, 26959, 26954)","(2760.8453423740757, 3066.1106088829692, 1804.4054683260565, 2295.8046300923393)","[genpy.Time[129112000000], genpy.Time[129112000000], genpy.Time[129112000000]]"
1970/01/01/02:02:09.315000,"(26955, 26952, 26959, 26954)","(2745.2081870433753, 3088.544976475264, 1794.743469519296, 2289.2881034579145)","[genpy.Time[129313000000], genpy.Time[129313000000], genpy.Time[129313000000]]"
1970/01/01/02:02:09.519000,"(26955, 26952, 26959, 26954)","(2704.545149444563, 3157.1109065543296, 1787.1211356348397, 2341.7296109903027)","[genpy.Time[129516000000], genpy.Time[129516000000], genpy.Time[129516000000]]"
1970/01/01/02:02:09.723000,"(26955, 26952, 26959, 26954)","(2667.07485357704, 3132.0633518318277, 1762.0228381133686, 2340.875365348046)","[genpy.Time[129723000000], genpy.Time[129723000000], genpy.Time[129723000000]]"
1970/01/01/02:02:09.925000,"(26955, 26952, 26959, 26954)","(2695.071299536996, 3172.9840963025213, 1743.2399287677333, 2396.0405992515625)","[genpy.Time[129924000000], genpy.Time[129924000000], genpy.Time[129924000000]]"
1970/01/01/02:02:10.124000,"(26955, 26952, 26959, 26954)","(2648.467252491642, 3170.028822633424, 1731.4821705104841, 2410.7403725364015)","[genpy.Time[130124000000], genpy.Time[130124000000], genpy.Time[130124000000]]"
1970/01/01/02:02:10.325000,"(26955, 26952, 26959, 26954)","(2656.6207650408305, 3166.5780160297127, 1725.9962966956584, 2451.515399582307)","[genpy.Time[130324000000], genpy.Time[130324000000], genpy.Time[130324000000]]"
1970/01/01/02:02:10.525000,"(26955, 26952, 26959, 26954)","(2622.2104464333183, 3215.5214977125597, 1714.8892704032778, 2482.5106386880707)","[genpy.Time[130524000000], genpy.Time[130524000000], genpy.Time[130524000000]]"
1970/01/01/02:02:10.727000,"(26955, 26952, 26959, 26954)","(2690.884009617663, 3175.5576819236962, 1720.937328361213, 2469.3264861888565)","[genpy.Time[130726000000], genpy.Time[130726000000], genpy.Time[130726000000]]"
1970/01/01/02:02:10.928000,"(26955, 26952, 26959, 26954)","(2619.9405396246525, 3187.958660273568, 1703.4071289437813, 2467.3908487396798)","[genpy.Time[130928000000], genpy.Time[130928000000], genpy.Time[130928000000]]"
1970/01/01/02:02:11.132000,"(26955, 26952, 26959, 26954)","(2629.579467612619, 3182.277421789239, 1734.2149505849961, 2484.574865564497)","[genpy.Time[131131000000], genpy.Time[131131000000], genpy.Time[131131000000]]"
1970/01/01/02:02:11.335000,"(26955, 26952, 26959, 26954)","(2637.0294070592086, 3217.345906200628, 1726.014234954032, 2432.9811350998216)","[genpy.Time[131334000000], genpy.Time[131334000000], genpy.Time[131334000000]]"
1970/01/01/02:02:11.537000,"(26955, 26952, 26959, 26954)","(2636.556180647986, 3159.616200752011, 1724.309291226925, 2463.895744515487)","[genpy.Time[131535000000], genpy.Time[131535000000], genpy.Time[131535000000]]"
1970/01/01/02:02:11.738000,"(26955, 26952, 26959, 26954)","(2635.5279229506364, 3157.6779966664103, 1710.0294845101087, 2442.5646400657592)","[genpy.Time[131736000000], genpy.Time[131736000000], genpy.Time[131736000000]]"
1970/01/01/02:02:11.940000,"(26955, 26952, 26959, 26954)","(2666.8646963312685, 3223.519428419588, 1716.6163454337882, 2438.8376160805788)","[genpy.Time[131939000000], genpy.Time[131939000000], genpy.Time[131939000000]]"
1970/01/01/02:02:12.145000,"(26955, 26952, 26959, 26954)","(2638.335491318523, 3118.8045994583167, 1705.7506738113639, 2459.5030771124675)","[genpy.Time[132144000000], genpy.Time[132144000000], genpy.Time[132144000000]]"
1970/01/01/02:02:12.348000,"(26955, 26952, 26959, 26954)","(2648.4596470671995, 3195.065768095118, 1735.664409637609, 2438.666549783307)","[genpy.Time[132346000000], genpy.Time[132346000000], genpy.Time[132346000000]]"
1970/01/01/02:02:12.548000,"(26955, 26952, 26959, 26954)","(2681.0390515330237, 3209.8703434910076, 1733.1658293399257, 2484.676232422955)","[genpy.Time[132547000000], genpy.Time[132547000000], genpy.Time[132547000000]]"
1970/01/01/02:02:12.743000,"(26955, 26952, 26959, 26954)","(2650.0363106778323, 3196.6177876605825, 1696.2872656195248, 2432.992054262084)","[genpy.Time[132752000000], genpy.Time[132752000000], genpy.Time[132752000000]]"
1970/01/01/02:02:12.956000,"(26955, 26952, 26959, 26954)","(2653.63061506643, 3155.425539990003, 1714.9932257420828, 2440.054986054841)","[genpy.Time[132955000000], genpy.Time[132955000000], genpy.Time[132955000000]]"
1970/01/01/02:02:13.157000,"(26955, 26952, 26959, 26954)","(2600.0697879673676, 3174.3916001727575, 1755.756143449029, 2480.627564341992)","[genpy.Time[133157000000], genpy.Time[133157000000], genpy.Time[133157000000]]"
1970/01/01/02:02:13.357000,"(26955, 26952, 26959, 26954)","(2542.4722567539598, 3082.72159252752, 1804.2779064422327, 2494.316173898897)","[genpy.Time[133357000000], genpy.Time[133357000000], genpy.Time[133357000000]]"
1970/01/01/02:02:13.561000,"(26955, 26952, 26959, 26954)","(2527.7020463527647, 3085.440494040974, 1855.2390685608514, 2569.2332519081683)","[genpy.Time[133560000000], genpy.Time[133560000000], genpy.Time[133560000000]]"
1970/01/01/02:02:13.762000,"(26955, 26952, 26959, 26954)","(2440.885286904523, 3015.031275789951, 1894.1029082933546, 2591.5540599332626)","[genpy.Time[133761000000], genpy.Time[133761000000], genpy.Time[133761000000]]"
1970/01/01/02:02:13.964000,"(26955, 26952, 26959, 26954)","(2406.107744811867, 2970.049409616638, 1954.8948405935828, 2596.262836963073)","[genpy.Time[133963000000], genpy.Time[133963000000], genpy.Time[133963000000]]"
1970/01/01/02:02:14.166000,"(26955, 26952, 26959, 26954)","(2355.653824837019, 2966.8821652323786, 1981.271864623435, 2642.1067803253254)","[genpy.Time[134165000000], genpy.Time[134165000000], genpy.Time[134165000000]]"
1970/01/01/02:02:14.366000,"(26955, 26952, 26959, 26954)","(2296.313037281669, 2923.5147620710422, 2011.136845697905, 2736.5207550968103)","[genpy.Time[134365000000], genpy.Time[134365000000], genpy.Time[134365000000]]"
1970/01/01/02:02:14.582000,"(26955, 26952, 26959, 26954)","(2281.615323717912, 2846.8765962088773, 2065.3583471016364, 2757.6184774483672)","[genpy.Time[134580000000], genpy.Time[134580000000], genpy.Time[134580000000]]"
1970/01/01/02:02:14.784000,"(26955, 26952, 26959, 26954)","(2207.3586419892476, 2891.396891953119, 2127.224398625378, 2774.2676226297276)","[genpy.Time[134783000000], genpy.Time[134783000000], genpy.Time[134783000000]]"
1970/01/01/02:02:14.985000,"(26955, 26952, 26959, 26954)","(2175.021050707538, 2773.8735527694125, 2201.6571501652375, 2803.698310197207)","[genpy.Time[134984000000], genpy.Time[134984000000], genpy.Time[134984000000]]"
1970/01/01/02:02:15.186000,"(26955, 26952, 26959, 26954)","(2098.58752077532, 2751.5184191353937, 2210.068727904842, 2844.979023993286)","[genpy.Time[135185000000], genpy.Time[135185000000], genpy.Time[135185000000]]"
1970/01/01/02:02:15.387000,"(26955, 26952, 26959, 26954)","(2063.62144791273, 2691.7442080293617, 2308.726138243113, 2877.8162486463343)","[genpy.Time[135386000000], genpy.Time[135386000000], genpy.Time[135386000000]]"
1970/01/01/02:02:15.589000,"(26955, 26952, 26959, 26954)","(2027.5033848966084, 2689.7411354970545, 2348.765673350933, 2924.6409208406735)","[genpy.Time[135588000000], genpy.Time[135588000000], genpy.Time[135588000000]]"
1970/01/01/02:02:15.790000,"(26955, 26952, 26959, 26954)","(1970.0249091547503, 2640.5779141434446, 2378.211305064465, 2970.5474217470455)","[genpy.Time[135790000000], genpy.Time[135790000000], genpy.Time[135790000000]]"
1970/01/01/02:02:15.993000,"(26955, 26952, 26959, 26954)","(1905.173004438439, 2645.748013784712, 2455.2519935010478, 2965.424460576275)","[genpy.Time[135992000000], genpy.Time[135992000000], genpy.Time[135992000000]]"
1970/01/01/02:02:16.197000,"(26955, 26952, 26959, 26954)","(1872.3802555628129, 2544.8683547682504, 2467.023026486487, 3043.646557071088)","[genpy.Time[136196000000], genpy.Time[136196000000], genpy.Time[136196000000]]"
1970/01/01/02:02:16.398000,"(26955, 26952, 26959, 26954)","(1827.250818285483, 2517.6296516454904, 2507.125071118821, 3055.682381691208)","[genpy.Time[136396000000], genpy.Time[136396000000], genpy.Time[136396000000]]"
1970/01/01/02:02:16.597000,"(26955, 26952, 26959, 26954)","(1824.451163214223, 2514.850807414953, 2585.608849718512, 3129.8686506900685)","[genpy.Time[136596000000], genpy.Time[136596000000], genpy.Time[136596000000]]"
1970/01/01/02:02:16.796000,"(26955, 26952, 26959, 26954)","(1735.5046540269225, 2493.3081515921685, 2602.311121999834, 3155.7015253257578)","[genpy.Time[136796000000], genpy.Time[136796000000], genpy.Time[136796000000]]"
1970/01/01/02:02:16.995000,"(26955, 26952, 26959, 26954)","(1695.8411975336794, 2431.2825042929767, 2691.663654681678, 3197.9684502865825)","[genpy.Time[136996000000], genpy.Time[136996000000], genpy.Time[136996000000]]"
1970/01/01/02:02:17.197000,"(26955, 26952, 26959, 26954)","(1642.9946851488658, 2400.2551978650054, 2717.787363286834, 3259.053067390022)","[genpy.Time[137196000000], genpy.Time[137196000000], genpy.Time[137196000000]]"
1970/01/01/02:02:17.397000,"(26955, 26952, 26959, 26954)","(1609.5610290421766, 2370.4389315945796, 2782.6627743627405, 3264.726281455776)","[genpy.Time[137396000000], genpy.Time[137396000000], genpy.Time[137396000000]]"
1970/01/01/02:02:17.600000,"(26955, 26952, 26959, 26954)","(1566.813514750936, 2336.562017390811, 2847.995798481051, 3331.9150957700417)","[genpy.Time[137597000000], genpy.Time[137597000000], genpy.Time[137597000000]]"
1970/01/01/02:02:17.799000,"(26955, 26952, 26959, 26954)","(1525.2952676639134, 2307.59209278326, 2873.0521036102855, 3380.253516087948)","[genpy.Time[137799000000], genpy.Time[137799000000], genpy.Time[137799000000]]"
1970/01/01/02:02:18.003000,"(26955, 26952, 26959, 26954)","(1472.0424142576467, 2287.7305943382717, 2930.5655809340356, 3400.7130447239156)","[genpy.Time[138000000000], genpy.Time[138000000000], genpy.Time[138000000000]]"
1970/01/01/02:02:18.203000,"(26955, 26952, 26959, 26954)","(1425.6583702688567, 2281.6320365305764, 2949.58579196225, 3449.588430070577)","[genpy.Time[138202000000], genpy.Time[138202000000], genpy.Time[138202000000]]"
1970/01/01/02:02:18.405000,"(26955, 26952, 26959, 26954)","(1400.652338704199, 2231.86938535513, 3047.8315890259864, 3474.8746862059793)","[genpy.Time[138404000000], genpy.Time[138404000000], genpy.Time[138404000000]]"
1970/01/01/02:02:18.606000,"(26955, 26952, 26959, 26954)","(1352.1610742222324, 2197.920142316547, 3100.790192339099, 3498.074727108826)","[genpy.Time[138604000000], genpy.Time[138604000000], genpy.Time[138604000000]]"
1970/01/01/02:02:18.814000,"(26955, 26952, 26959, 26954)","(1335.0735179699388, 2185.436445989935, 3105.964892602071, 3570.0253684931736)","[genpy.Time[138812000000], genpy.Time[138812000000], genpy.Time[138812000000]]"
1970/01/01/02:02:19.013000,"(26955, 26952, 26959, 26954)","(1307.4533617753173, 2137.208689050704, 3165.457817840484, 3600.0032146596714)","[genpy.Time[139012000000], genpy.Time[139012000000], genpy.Time[139012000000]]"
1970/01/01/02:02:19.213000,"(26955, 26952, 26959, 26954)","(1265.692408297631, 2085.4710256738563, 3234.590183804196, 3671.7793370720206)","[genpy.Time[139212000000], genpy.Time[139212000000], genpy.Time[139212000000]]"
1970/01/01/02:02:19.416000,"(26955, 26952, 26959, 26954)","(1238.7630680896748, 2082.716520437267, 3275.9934302226084, 3680.5480600397204)","[genpy.Time[139414000000], genpy.Time[139414000000], genpy.Time[139414000000]]"
1970/01/01/02:02:19.616000,"(26955, 26952, 26959, 26954)","(1226.4406382508662, 2041.7275901898765, 3313.907486101799, 3777.7540320922812)","[genpy.Time[139616000000], genpy.Time[139616000000], genpy.Time[139616000000]]"
1970/01/01/02:02:19.816000,"(26955, 26952, 26959, 26954)","(1214.6100805594667, 2005.7749456965814, 3393.954439715047, 3745.5148694137506)","[genpy.Time[139816000000], genpy.Time[139816000000], genpy.Time[139816000000]]"
1970/01/01/02:02:20.020000,"(26955, 26952, 26959, 26954)","(1187.4945571574356, 1974.9040215029916, 3418.2547364317093, 3776.1605723683374)","[genpy.Time[140017000000], genpy.Time[140017000000], genpy.Time[140017000000]]"
1970/01/01/02:02:20.221000,"(26955, 26952, 26959, 26954)","(1182.5058291371615, 1935.7869077097087, 3507.7640119753496, 3813.11593879385)","[genpy.Time[140221000000], genpy.Time[140221000000], genpy.Time[140221000000]]"
1970/01/01/02:02:20.422000,"(26955, 26952, 26959, 26954)","(1172.5595776086448, 1890.7902473472986, 3567.502649160146, 3825.2758893453665)","[genpy.Time[140421000000], genpy.Time[140421000000], genpy.Time[140421000000]]"
1970/01/01/02:02:20.624000,"(26955, 26952, 26959, 26954)","(1192.3034066774587, 1866.0804853926008, 3645.634394112162, 3836.9653361134265)","[genpy.Time[140625000000], genpy.Time[140625000000], genpy.Time[140625000000]]"
1970/01/01/02:02:20.832000,"(26955, 26952, 26959, 26954)","(1189.0572119650897, 1816.0978555422564, 3633.6350339288983, 3933.8233636033315)","[genpy.Time[140831000000], genpy.Time[140831000000], genpy.Time[140831000000]]"
1970/01/01/02:02:21.033000,"(26955, 26952, 26959, 26954)","(1200.6673934479877, 1782.2231445188497, 3683.887461931274, 3913.1513361053335)","[genpy.Time[141033000000], genpy.Time[141033000000], genpy.Time[141033000000]]"
1970/01/01/02:02:21.236000,"(26955, 26952, 26959, 26954)","(1199.9045915482768, 1751.5421386533258, 3720.1152576283835, 3947.554043424232)","[genpy.Time[141235000000], genpy.Time[141235000000], genpy.Time[141235000000]]"
1970/01/01/02:02:21.436000,"(26955, 26952, 26959, 26954)","(1206.3406185080696, 1724.9897203229787, 3734.588747066828, 3926.349115733078)","[genpy.Time[141435000000], genpy.Time[141435000000], genpy.Time[141435000000]]"
1970/01/01/02:02:21.636000,"(26955, 26952, 26959, 26954)","(1220.2060478822248, 1680.2510668162847, 3806.8122466483273, 3987.1818330376605)","[genpy.Time[141636000000], genpy.Time[141636000000], genpy.Time[141636000000]]"
1970/01/01/02:02:21.838000,"(26955, 26952, 26959, 26954)","(1229.9192569410025, 1657.8034478560646, 3801.835406269116, 3974.311425035607)","[genpy.Time[141836000000], genpy.Time[141836000000], genpy.Time[141836000000]]"
1970/01/01/02:02:22.040000,"(26955, 26952, 26959, 26954)","(1240.531232331008, 1639.491877353692, 3884.27785141951, 4004.881004736518)","[genpy.Time[142039000000], genpy.Time[142039000000], genpy.Time[142039000000]]"
1970/01/01/02:02:22.242000,"(26955, 26952, 26959, 26954)","(1262.2834663716167, 1604.897596459418, 3896.935837197866, 4020.031458385339)","[genpy.Time[142242000000], genpy.Time[142242000000], genpy.Time[142242000000]]"
1970/01/01/02:02:22.445000,"(26955, 26952, 26959, 26954)","(1255.5503209586527, 1587.6668481202753, 3871.24920323816, 4013.480865454876)","[genpy.Time[142443000000], genpy.Time[142443000000], genpy.Time[142443000000]]"
1970/01/01/02:02:22.644000,"(26955, 26952, 26959, 26954)","(1266.3655461295805, 1579.221766519926, 3939.7500704939353, 4076.000023606882)","[genpy.Time[142643000000], genpy.Time[142643000000], genpy.Time[142643000000]]"
1970/01/01/02:02:22.844000,"(26955, 26952, 26959, 26954)","(1295.6076511802708, 1553.027534926344, 3952.3446818439925, 4061.894511894573)","[genpy.Time[142843000000], genpy.Time[142843000000], genpy.Time[142843000000]]"
1970/01/01/02:02:23.044000,"(26955, 26952, 26959, 26954)","(1311.381516018137, 1533.6355132078672, 4001.375505892795, 4007.3015739058123)","[genpy.Time[143043000000], genpy.Time[143043000000], genpy.Time[143043000000]]"
1970/01/01/02:02:23.243000,"(26955, 26952, 26959, 26954)","(1330.0818240138076, 1490.7998844083518, 3987.086203929704, 4112.5506096180925)","[genpy.Time[143243000000], genpy.Time[143243000000], genpy.Time[143243000000]]"
1970/01/01/02:02:23.446000,"(26955, 26952, 26959, 26954)","(1318.4095537836386, 1486.1852628266445, 3964.867411069878, 4042.280926857145)","[genpy.Time[143444000000], genpy.Time[143444000000], genpy.Time[143444000000]]"
1970/01/01/02:02:23.649000,"(26955, 26952, 26959, 26954)","(1349.376447665672, 1498.7022223709791, 4038.5078414390287, 4021.279732670296)","[genpy.Time[143648000000], genpy.Time[143648000000], genpy.Time[143648000000]]"
1970/01/01/02:02:23.849000,"(26955, 26952, 26959, 26954)","(1343.634254434502, 1493.679602186919, 4011.2740950603315, 4063.2844394487747)","[genpy.Time[143848000000], genpy.Time[143848000000], genpy.Time[143848000000]]"
1970/01/01/02:02:24.048000,"(26955, 26952, 26959, 26954)","(1339.3861564821648, 1508.2528399922685, 4000.3522254198692, 4088.4725530188075)","[genpy.Time[144050000000], genpy.Time[144050000000], genpy.Time[144050000000]]"
1970/01/01/02:02:24.251000,"(26955, 26952, 26959, 26954)","(1342.962074814958, 1486.417190731215, 3995.133613991383, 4065.2710748271293)","[genpy.Time[144250000000], genpy.Time[144250000000], genpy.Time[144250000000]]"
1970/01/01/02:02:24.452000,"(26955, 26952, 26959, 26954)","(1340.6481286439175, 1485.7504865996152, 4021.539931965538, 4062.3899099260943)","[genpy.Time[144450000000], genpy.Time[144450000000], genpy.Time[144450000000]]"
1970/01/01/02:02:24.652000,"(26955, 26952, 26959, 26954)","(1331.5212054549945, 1491.9764534087794, 4038.3805722814477, 4093.9142396133525)","[genpy.Time[144652000000], genpy.Time[144652000000], genpy.Time[144652000000]]"
1970/01/01/02:02:24.852000,"(26955, 26952, 26959, 26954)","(1337.6291248740763, 1500.7022277382966, 3983.802345669111, 4092.161931059379)","[genpy.Time[144852000000], genpy.Time[144852000000], genpy.Time[144852000000]]"
1970/01/01/02:02:25.053000,"(26955, 26952, 26959, 26954)","(1328.1161274030792, 1496.7372981818294, 4002.906890179244, 4076.0570260246654)","[genpy.Time[145052000000], genpy.Time[145052000000], genpy.Time[145052000000]]"
1970/01/01/02:02:25.253000,"(26955, 26952, 26959, 26954)","(1339.62201802821, 1501.2299125382306, 4016.9059883003233, 4047.3188557810035)","[genpy.Time[145252000000], genpy.Time[145252000000], genpy.Time[145252000000]]"
